Collection,Group,Name,Light Mode,Light alpha,Dark Mode,Dark alpha,Alias,Status
Color Styles,color/neutral,0,#FFFFFF,100%,#1C1C1B,100%,,In Figma
Color Styles,color/neutral,100,#FCFCFC,100%,#1C1C1B,100%,,In Figma
Color Styles,color/neutral,200,#F8F8F8,100%,#202020,100%,,In Figma
Color Styles,color/neutral,225,#F8F7F4,100%,#27241B,100%,,Add
Color Styles,color/neutral,250,#F1F1F1,100%,#FFFFFF,6%,,Add
Color Styles,color/neutral,300,#ECECEC,100%,#27241B,100%,,In Figma
Color Styles,color/neutral,350,#E3E3E3,100%,#FFFFFF,10%,,Add
Color Styles,color/neutral,400,#DEDEDE,100%,#626262,100%,,In Figma
Color Styles,color/neutral,450,#D6D6D6,100%,#FFFFFF,10%,,Add
Color Styles,color/neutral,480,#A5A5A5,100%,#545454,100%,,Add
Color Styles,color/neutral,490,#A5A5A5,100%,#8D8D8D,100%,,Add
Color Styles,color/neutral,500,#5E5E5E,100%,#9A9A9A,100%,,In Figma
Color Styles,color/neutral,600,#6B6B6B,100%,#979797,100%,,Adjust
Color Styles,color/neutral,650,#626262,100%,#8D8D8D,100%,,Add
Color Styles,color/neutral,700,#424242,100%,#B1B1B1,100%,,In Figma
Color Styles,color/neutral,800,#444444,100%,#B6B6B6,100%,,In Figma
Color Styles,color/neutral,900,#292929,100%,#C3C3C3,100%,,In Figma
Color Styles,color/neutral,950,#292929,100%,#111111,100%,,Add
Color Styles,color/neutral,1000,#1B1C1E,100%,#CDCED1,100%,,In Figma
Color Styles,color/gray,100,#A5A5A5,20%,#626262,100%,,In Figma
Color Styles,color/gray,200,#0E0F0C,12%,#FFFFFF,12%,,Adjust
Color Styles,color/gray,300,#010B13,37%,#FFFFFF,100%,,In Figma
Color Styles,color/gray,400,#0B1016,55%,#010B13,70%,,Add
Color Styles,color/gray,500,#FFFFFF,5%,#FFFFFF,5%,,Add
Color Styles,color/gray,600,#FFFFFF,7%,#FFFFFF,7%,,Add
Color Styles,color/gray,700,#FFFFFF,10%,#FFFFFF,10%,,Add
Color Styles,color/gray,800,#FFFFFF,12%,#FFFFFF,12%,,Add
Color Styles,color/gray,850,#FFFFFF,70%,#FFFFFF,70%,,Add
Color Styles,color/gray,900,#FFFFFF,85%,#FFFFFF,85%,,Add
Color Styles,color/green,100,#F6FFED,100%,#1C3800,100%,,Confirm
Color Styles,color/green,150,#EDF5EF,100%,#1F2B23,100%,,Add
Color Styles,color/green,200,#E5F1E8,100%,#203325,100%,,Confirm
Color Styles,color/green,250,#D6E9DA,100%,#2A4231,100%,,Add
Color Styles,color/green,300,#8FCAA9,100%,#00BD9A,35%,,Add
Color Styles,color/green,350,#2FBF87,100%,#2FBF87,100%,,Add
Color Styles,color/green,400,#009A7E,100%,#1C1C1B,100%,,Adjust
Color Styles,color/green,500,#00735F,100%,#00BD9A,100%,,Confirm
Color Styles,color/green,600,#1B813D,100%,#A3E363,100%,,Confirm
Color Styles,color/green,700,#397300,100%,#A6D872,100%,,Confirm
Color Styles,color/green,800,#004D3F,100%,#9AF4E3,100%,,Confirm
Color Styles,color/red,100,#FFEFEF,100%,#3A0505,100%,,Confirm
Color Styles,color/red,200,#F3CCCC,100%,#FCBCB4,30%,,Add
Color Styles,color/red,250,#F2C4C0,100%,#FCBCB4,40%,,Add
Color Styles,color/red,300,#FFB4AE,100%,#FFB4AE,100%,,Add
Color Styles,color/red,350,#E38E8E,100%,#FCBCB4,60%,,Add
Color Styles,color/red,500,#D14343,100%,#FCBCB4,100%,,Confirm
Color Styles,color/red,550,#A52B25,100%,#FFDAD5,100%,,Add
Color Styles,color/red,600,#95231E,100%,#FFE5E2,100%,,Confirm
Color Styles,color/yellow,100,#FFF6E8,100%,#3E2807,100%,,Confirm
Color Styles,color/yellow,200,#EFD7A3,100%,#F4C430,40%,,Add
Color Styles,color/yellow,500,#FFAA52,100%,#F4C430,100%,,In Figma
Color Styles,color/yellow,600,#9A6200,100%,#FFDB58,100%,,Adjust
Color Styles,color/blue,100,#AFDBF5,100%,#013263,100%,,Confirm
Color Styles,color/blue,600,#2A4A6A,100%,#2A4A6A,100%,,Add
Color Styles,color/blue,700,#1F3954,100%,#1F3954,100%,,Add
Color Styles,color/blue,750,#1B3147,100%,#E1FEFF,100%,,Confirm
Color Styles,color/blue,800,#172636,100%,#CDCED1,100%,,Add
Color Styles,color/blue,850,#111A24,100%,#1B3147,100%,,Add
Color Styles,color/blue,900,#111A24,100%,#111A24,100%,,Add
Color Styles,color/blue,950,#0B1016,100%,#0B1016,100%,,Add
Color Styles,color/purple,100,#FAEAFF,100%,#30073E,100%,,Confirm
Color Styles,color/purple,500,#512888,100%,#9975C8,100%,,Confirm
Tokens,content,primary,#1B1C1E,100%,#CDCED1,100%,color/neutral/1000,
Tokens,content,main,#444444,100%,#B6B6B6,100%,color/neutral/800,
Tokens,content,tertiary,#6B6B6B,100%,#979797,100%,color/neutral/600,
Tokens,content,disabled,#5E5E5E,100%,#9A9A9A,100%,color/neutral/500,
Tokens,content,link,#004D3F,100%,#9AF4E3,100%,color/green/800,
Tokens,content,on_negative_elevated,#95231E,100%,#FFE5E2,100%,color/red/600,
Tokens,content,on_warning_elevated,#9A6200,100%,#FFDB58,100%,color/yellow/600,
Tokens,content,on_positive_elevated,#397300,100%,#A6D872,100%,color/green/700,
Tokens,interactive,primary,#00735F,100%,#00BD9A,100%,color/green/500,
Tokens,interactive,control,#004D3F,100%,#9AF4E3,100%,color/green/800,
Tokens,interactive,accent,#E5F1E8,100%,#203325,100%,color/green/200,
Tokens,interactive,accent_hover,#D6E9DA,100%,#2A4231,100%,color/green/250,
Tokens,interactive,selected,#EDF5EF,100%,#1F2B23,100%,color/green/150,
Tokens,interactive,secondary,#626262,100%,#8D8D8D,100%,color/neutral/650,
Tokens,interactive,inverse,#172636,100%,#CDCED1,100%,color/blue/800,
Tokens,interactive,contrast,#009A7E,100%,#1C1C1B,100%,color/green/400,
Tokens,background,subtle,#F1F1F1,100%,#FFFFFF,6%,color/neutral/250,
Tokens,background,system,#111A24,100%,#1B3147,100%,color/blue/850,
Tokens,background,scrim,#0B1016,55%,#010B13,70%,color/gray/400,
Tokens,background,elevated,#FCFCFC,100%,#1C1C1B,100%,color/neutral/100,
Tokens,background,demoted,#292929,100%,#111111,100%,color/neutral/950,
Tokens,background,accent,#F8F7F4,100%,#27241B,100%,color/neutral/225,
Tokens,background,neutral,#A5A5A5,20%,#626262,100%,color/gray/100,
Tokens,background,overlay,#0E0F0C,12%,#FFFFFF,12%,color/gray/200,
Tokens,sentiment,negative,#D14343,100%,#FCBCB4,100%,color/red/500,
Tokens,sentiment,negative_hover,#A52B25,100%,#FFDAD5,100%,color/red/550,
Tokens,sentiment,warning,#FFAA52,100%,#F4C430,100%,color/yellow/500,
Tokens,sentiment,positive,#1B813D,100%,#A3E363,100%,color/green/600,
Tokens,sentiment,negative_elevated,#FFEFEF,100%,#3A0505,100%,color/red/100,
Tokens,sentiment,warning_elevated,#FFF6E8,100%,#3E2807,100%,color/yellow/100,
Tokens,sentiment,positive_elevated,#F6FFED,100%,#1C3800,100%,color/green/100,
Tokens,border,subtle,#E3E3E3,100%,#FFFFFF,10%,color/neutral/350,
Tokens,border,neutral,#A5A5A5,100%,#545454,100%,color/neutral/480,
Tokens,border,accent,#8FCAA9,100%,#00BD9A,35%,color/green/300,
Tokens,border,negative,#F2C4C0,100%,#FCBCB4,40%,color/red/250,
Tokens,border,warning,#EFD7A3,100%,#F4C430,40%,color/yellow/200,
Tokens,base,light,#FFFFFF,100%,#1C1C1B,100%,color/neutral/0,
Tokens,base,contrast,#F8F8F8,100%,#202020,100%,color/neutral/200,
Tokens,base,dark,#1B1C1E,100%,#CDCED1,100%,color/neutral/1000,
Tokens,chrome,navy_700,#1F3954,100%,#1F3954,100%,color/blue/700,
Tokens,chrome,navy_900,#111A24,100%,#111A24,100%,color/blue/900,
Tokens,chrome,navy_950,#0B1016,100%,#0B1016,100%,color/blue/950,
Tokens,chrome,navy_600,#2A4A6A,100%,#2A4A6A,100%,color/blue/600,
Tokens,chrome,accent,#2FBF87,100%,#2FBF87,100%,color/green/350,
Tokens,chrome,content_main,#FFFFFF,85%,#FFFFFF,85%,color/gray/900,
Tokens,chrome,content_tertiary,#FFFFFF,70%,#FFFFFF,70%,color/gray/850,
Tokens,chrome,hover,#FFFFFF,5%,#FFFFFF,5%,color/gray/500,
Tokens,chrome,selected,#FFFFFF,7%,#FFFFFF,7%,color/gray/600,
Tokens,chrome,control_hover,#FFFFFF,10%,#FFFFFF,10%,color/gray/700,
Tokens,chrome,border,#FFFFFF,12%,#FFFFFF,12%,color/gray/800,
Tokens,severity,high,#95231E,100%,#FFE5E2,100%,color/red/600,
Tokens,severity,high_bg,#FFEFEF,100%,#3A0505,100%,color/red/100,
Tokens,severity,high_line,#F2C4C0,100%,#FCBCB4,40%,color/red/250,
Tokens,severity,high_cell,#D14343,100%,#FCBCB4,100%,color/red/500,
Tokens,severity,high_ramp_1,#F3CCCC,100%,#FCBCB4,30%,color/red/200,
Tokens,severity,high_ramp_2,#E38E8E,100%,#FCBCB4,60%,color/red/350,
Tokens,severity,high_on_dark,#FFB4AE,100%,#FFB4AE,100%,color/red/300,
Tokens,severity,medium,#9A6200,100%,#FFDB58,100%,color/yellow/600,
Tokens,severity,medium_bg,#FFF6E8,100%,#3E2807,100%,color/yellow/100,
Tokens,severity,medium_line,#EFD7A3,100%,#F4C430,40%,color/yellow/200,
Tokens,severity,medium_cell,#FFAA52,100%,#F4C430,100%,color/yellow/500,
Tokens,severity,low,#444444,100%,#B6B6B6,100%,color/neutral/800,
Tokens,severity,low_bg,#F1F1F1,100%,#FFFFFF,6%,color/neutral/250,
Tokens,severity,low_line,#D6D6D6,100%,#FFFFFF,10%,color/neutral/450,
Tokens,severity,low_cell,#A5A5A5,100%,#8D8D8D,100%,color/neutral/490,
